MEMBER_NO,FLIGHT_COUNT
27355,1
4032,2
12913,2
58465,2
45414,2
1046,2
57432,2
58507,2
30271,2
3054,2
16348,2
62046,2
46545,2
60317,2
31513,2
46421,2
19464,2
44068,2
42040,2
39606,2
5791,2
47717,2
44147,2
2178,2
21657,2
6486,2
47856,2
10074,2
49336,2
24244,2
53101,2
62049,2
46859,2
48335,2
3642,2
4971,2
11272,2
16001,2
32874,2
52835,2
27218,2
45335,2
7593,2
44708,2
2643,2
28844,2
50800,2
6099,2
13104,2
50278,2
60561,2
14657,2
38221,2
55047,2
21793,2
62851,2
23682,2
49574,2
46214,2
37304,2
38555,2
46505,2
4985,2
39181,2
7957,2
3577,2
5789,2
56298,2
36113,2
57076,2
23392,2
61502,2
144,2
61235,2
45131,2
50513,2
56032,2
39860,2
7398,2
53828,2
44084,2
55521,2
4810,2
30173,2
37476,2
46605,2
55575,2
53467,2
62009,2
62054,2
40577,2
29150,2
57942,2
8600,2
21902,2
23658,2
26490,2
37382,2
3810,2
13037,2
9394,2
55064,2
61449,2
23101,2
53096,2
3659,2
12821,2
51790,2
13006,2
46383,2
26869,2
6998,2
20058,2
40138,2
12891,2
6430,2
19533,2
45754,2
40869,2
45998,2
18482,2
28567,2
29668,2
6489,2
55128,2
37936,2
24261,2
54049,2
5999,2
41351,2
4719,2
25032,2
26119,2
51693,2
2527,2
35337,2
25949,2
1387,2
37236,2
3833,2
7780,2
5942,2
61773,2
248,2
514,2
36092,2
10010,2
39092,2
45428,2
42166,2
46941,2
51893,2
10693,2
26616,2
52208,2
26393,2
36161,2
52560,2
37815,2
12998,2
62071,2
49354,2
27337,2
18193,2
34379,2
15831,2
42134,2
53166,2
18636,2
11168,2
37622,2
61542,2
51960,2
38998,2
7308,2
4804,2
30859,2
15058,2
27420,2
50235,2
3980,2
49785,2
54749,2
60102,2
39508,2
36464,2
58353,2
42577,2
1822,2
41611,2
2545,2
24698,2
57330,2
25260,2
18600,2
6455,2
34739,2
6945,2
47150,2
36473,2
18718,2
23798,2
61504,2
62349,2
49285,2
8967,2
28408,2
16685,2
54171,2
31651,2
20111,2
45628,2
61412,2
40185,2
57007,2
16136,2
43125,2
51373,2
52080,2
59676,2
34892,2
43436,2
33550,2
55078,2
6454,2
1622,2
45693,2
19037,2
6057,2
45433,2
54071,2
24825,2
62047,2
54577,2
308,2
14041,2
33476,2
39593,2
43533,2
37416,2
14821,2
54069,2
62265,2
26259,2
14153,2
28523,2
47324,2
49732,2
38689,2
23485,2
27508,2
33692,2
34271,2
8648,2
18363,2
51746,2
29937,2
2075,2
20038,2
36929,2
44745,2
55632,2
55905,2
2908,2
51677,2
46093,2
54506,2
4109,2
51318,2
7193,2
19956,2
25020,2
58913,2
61158,2
26274,2
59695,2
22606,2
23942,2
33792,2
53871,2
34335,2
28424,2
59445,2
33222,2
18580,2
59738,2
55716,2
14141,2
45271,2
53023,2
23776,2
9458,2
24201,2
24442,2
31008,2
35456,2
54239,2
28583,2
57100,2
8963,2
9409,2
43388,2
42037,2
56608,2
62038,2
9386,2
43418,2
48162,2
55461,2
15547,2
47146,2
2835,2
4123,2
28774,2
29724,2
30692,2
54107,2
55169,2
56833,2
57360,2
62034,2
21133,2
55956,2
153,2
18515,2
56556,2
44008,2
15138,2
21797,2
15354,2
22172,2
4441,2
42657,2
21115,2
42740,2
59402,2
43091,2
21577,2
23366,2
16968,2
21209,2
62286,2
44865,2
41124,2
11758,2
26285,2
152,2
138,2
61441,2
11146,2
23676,2
36507,2
19888,2
49720,2
55754,2
1948,2
58073,2
22141,2
46713,2
19659,2
38062,2
54235,2
31814,2
45379,2
1394,2
8389,2
26343,2
32280,2
32403,2
60166,2
49199,2
3365,2
14319,2
3508,2
9650,2
14836,2
3655,2
10684,2
23666,2
51945,2
40532,2
47378,2
34585,2
48931,2
47786,2
34878,2
34533,2
25789,2
18473,2
18840,2
57697,2
3301,2
10094,2
44361,2
20493,2
18463,2
18278,2
37989,2
45575,2
16314,2
54986,2
40186,2
8027,2
1062,2
22188,2
13423,2
28965,2
11697,2
17054,2
26116,2
44514,2
48136,2
4115,2
12851,2
19614,2
58738,2
31073,2
39748,2
12804,2
420,2
3014,2
49396,2
18598,2
45070,2
27076,2
38815,2
11934,2
5500,2
49763,2
8193,2
41656,2
56384,2
57851,2
31178,2
8476,2
29437,2
51900,2
19738,2
14105,2
59493,2
6024,2
41815,2
1839,2
39361,2
57307,2
47043,2
22822,2
40951,2
54575,2
24331,2
25325,2
50833,2
30907,2
32036,2
44078,2
28879,2
45374,2
49317,2
20835,2
26240,2
51881,2
53439,2
45207,2
519,2
36504,2
55833,2
14879,2
41292,2
15978,2
21385,2
33913,2
34748,2
60971,2
40554,2
9139,2
32939,2
551,2
34891,2
8682,2
59409,2
52237,2
21263,2
17966,2
32861,2
52685,2
11402,2
10835,2
15130,2
28376,2
40191,2
5148,2
49212,2
9804,2
37757,2
59321,2
48590,2
25389,2
19115,2
26912,2
14108,2
44897,2
21061,2
46835,2
35152,2
47200,2
52713,2
43033,2
2957,2
5844,2
6293,2
47474,2
26101,2
25391,2
35016,2
48145,2
17083,2
20560,2
40476,2
60217,2
13461,2
34193,2
46538,2
20521,2
25265,2
15825,2
40061,2
5396,2
28333,2
5748,2
15739,2
3146,2
25069,2
59169,2
42148,2
49988,2
40862,2
36688,2
17275,2
33466,2
50729,2
34677,2
8533,2
36077,2
60863,2
16701,2
17104,2
22365,2
23736,2
51996,2
19828,2
36829,2
57821,2
47835,2
4347,2
55337,2
45554,2
41493,2
9753,2
36302,2
2823,2
14109,2
27242,2
28482,2
38598,2
38758,2
48427,2
4440,2
57066,2
26527,2
27571,2
12714,2
19598,2
28907,2
38647,2
21160,2
15033,2
49029,2
8447,2
27604,2
11269,2
45206,2
51492,2
57797,2
2220,2
27474,2
5723,2
1245,2
2242,2
8954,2
10242,2
23038,2
37385,2
40522,2
46759,2
47683,2
51867,2
58876,2
60350,2
42031,2
32767,2
58583,2
38258,2
25478,2
34179,2
44194,2
45356,2
49119,2
9370,2
23023,2
7429,2
36089,2
9118,2
54775,2
41503,2
34752,2
33010,2
15858,2
26575,2
53287,2
14295,2
28590,2
36018,2
58246,2
33633,2
49767,2
30353,2
52959,2
2872,2
60285,2
27540,2
2426,2
31051,2
27723,2
26067,2
2514,2
13207,2
38774,2
62010,2
16349,2
41980,2
11070,2
18753,2
1955,2
15521,2
24529,2
40825,2
10642,2
28882,2
28239,2
59566,2
26109,2
30933,2
55616,2
52153,2
47663,2
5018,2
6289,2
127,2
25302,2
57852,2
34793,2
34639,2
61459,2
35293,2
25950,2
7807,2
23970,2
32413,2
38519,2
10800,2
22556,2
46021,2
1928,2
15968,2
51615,2
40087,2
62871,2
57961,2
54461,2
1412,2
24229,2
42559,2
37953,2
12973,2
13455,2
44205,2
49262,2
17481,2
34111,2
61174,2
25551,2
11937,2
8840,2
20712,2
32472,2
895,2
26904,2
22341,2
43491,2
7691,2
47311,2
695,2
24803,2
28885,2
25824,2
3254,2
10173,2
12795,2
58982,2
39406,2
4531,2
23683,2
16368,2
18266,2
60781,2
1962,2
34553,2
30889,2
58000,2
41170,2
45003,2
8383,2
55435,2
53383,2
21749,2
61434,2
42172,2
47893,2
42160,2
44162,2
23305,2
7443,2
38056,2
49688,2
54316,2
1719,2
1484,2
51493,2
45774,2
14293,2
27511,2
55637,2
20378,2
58133,2
50683,2
50873,2
14520,2
9517,2
26065,2
24136,2
44538,2
27560,2
33219,2
62575,2
14311,2
16520,2
29737,2
34982,2
53009,2
17423,2
7722,2
2599,2
13152,2
20152,2
20260,2
24930,2
26420,2
52366,2
16282,2
39086,2
50552,2
14709,2
15882,2
49634,2
31902,2
60250,2
58043,2
46458,2
34465,2
52542,2
31217,2
5480,2
50516,2
13736,2
51552,2
20992,2
22209,2
39650,2
19454,2
59428,2
25547,2
56177,2
26746,2
42408,2
27569,2
35816,2
9382,2
17181,2
35028,2
62068,2
28637,2
4593,2
21658,2
41182,2
11802,2
28015,2
52449,2
59076,2
19808,2
54896,2
11973,2
30079,2
16033,2
44307,2
52906,2
26743,2
7822,2
18251,2
19316,2
5151,2
31822,2
21399,2
24149,2
14303,2
33297,2
13745,2
7236,2
32958,2
58882,2
21747,2
13708,2
41184,2
36458,2
52,2
18549,2
39733,2
22181,2
52121,2
52570,2
51316,2
8761,2
25016,2
42625,2
38485,2
32974,2
58305,2
24407,2
46674,2
1399,2
28634,2
55362,2
51059,2
20112,2
19998,2
16672,2
23786,2
46934,2
23807,2
21311,2
55281,2
16934,2
44325,2
51583,2
47667,2
48060,2
4565,2
55653,2
57199,2
8076,2
41909,2
49497,2
47579,2
30560,2
53453,2
1361,2
40428,2
19629,2
53226,2
51334,2
19838,2
49109,2
14482,2
25609,2
52104,2
292,2
19812,2
10330,2
24712,2
16593,2
3865,2
24090,2
28842,2
34448,2
45749,2
37964,2
29268,2
43369,2
58342,2
61300,2
28070,2
3443,2
62593,2
26533,2
20881,2
53077,2
15804,2
24380,2
27356,2
39777,2
44259,2
21924,2
32788,2
57774,2
19916,2
18973,2
21032,2
15178,2
59024,2
14549,2
54547,2
15403,2
55577,2
7231,2
51308,2
27576,2
20363,2
32571,2
10891,2
50453,2
4399,2
37364,2
33580,2
786,2
52010,2
20164,2
22850,2
50783,2
23846,2
62077,2
44050,2
52945,2
6148,2
37199,2
50421,2
21628,2
25361,2
47963,2
29644,2
6173,2
53091,2
48460,2
2628,2
6618,2
6939,2
9582,2
10690,2
13103,2
15419,2
20655,2
24564,2
27467,2
28877,2
33932,2
36297,2
40078,2
45642,2
46716,2
41561,2
5338,2
62849,2
1494,2
10655,2
35498,2
342,2
14968,2
30691,2
3327,2
52810,2
1483,2
35204,2
10785,2
16167,2
51326,2
35510,2
59265,2
1619,2
5305,2
6267,2
8681,2
9182,2
15332,2
17859,2
17861,2
20971,2
24266,2
25193,2
25891,2
34605,2
42996,2
43819,2
44635,2
52152,2
61935,2
36497,2
24454,2
27446,2
18376,2
36801,2
15034,2
41995,2
42919,2
54728,2
54958,2
55044,2
5348,2
49983,2
55533,2
34002,2
55401,2
13443,2
16077,2
57639,2
19779,2
41098,2
59702,2
9275,2
14431,2
59406,2
43566,2
8045,2
44747,2
47338,2
6324,2
46229,2
9325,2
59973,2
20806,2
47507,2
15088,2
41875,2
58723,2
11481,2
16792,2
39662,2
62183,2
31338,2
22695,2
29337,2
58271,2
26194,2
44129,2
43886,2
16444,2
18228,2
6002,2
3155,2
26884,2
36203,2
45972,2
16536,2
15168,2
4636,2
24070,2
35660,2
14797,2
45139,2
10333,2
34211,2
24130,2
60094,2
30098,2
59436,2
58564,2
33162,2
38925,2
39795,2
57291,2
17487,2
5926,2
21513,2
30870,2
33007,2
3376,2
45299,2
58358,2
8976,2
4509,2
1222,2
16460,2
49641,2
21828,2
44059,2
16313,2
10869,2
39118,2
9885,2
27419,2
14412,2
50399,2
50767,2
25120,2
40464,2
34483,2
24819,2
25301,2
33935,2
43089,2
21879,2
25338,2
21931,2
61687,2
37685,2
7824,2
59619,2
8069,2
38071,2
33698,2
51187,2
26238,2
56644,2
18562,2
32153,2
13093,2
31329,2
32312,2
15133,2
56937,2
5581,2
47700,2
34814,2
53678,2
42215,2
14163,2
15414,2
11852,2
36982,2
18956,2
59209,2
27901,2
45208,2
61055,2
58158,2
30996,2
8101,2
21159,2
8162,2
23812,2
9201,2
11674,2
54435,2
2668,2
39085,2
31731,2
46059,2
21855,2
56816,2
35518,2
11930,2
12803,2
3295,2
52148,2
23605,2
15895,2
32901,2
38992,2
17346,2
5059,2
18194,2
52733,2
14323,2
42283,2
43587,2
36262,2
16153,2
48572,2
43629,2
11397,2
29884,2
47481,2
35162,2
45465,2
53070,2
27715,2
61052,2
26071,2
40502,2
11688,2
12270,2
22226,2
725,2
55930,2
24511,2
57302,2
23952,2
29645,2
14532,2
10513,2
10560,2
27673,2
29302,2
30654,2
59700,2
226,2
10133,2
8003,2
61704,2
61020,2
21368,2
26017,2
2431,2
28784,2
27966,2
6546,2
52417,2
37970,2
42051,2
3827,2
18134,2
21066,2
50103,2
41431,2
15204,2
52015,2
33528,2
36180,2
3115,2
11307,2
14610,2
31395,2
34252,2
46727,2
55043,2
60441,2
15195,2
60990,2
2294,2
51345,2
56315,2
17124,2
61939,2
11881,2
4686,2
7034,2
28638,2
27369,2
38726,2
7712,2
14479,2
23555,2
32654,2
35833,2
45265,2
60173,2
5949,2
34244,2
58383,2
15924,2
7216,2
12184,2
11655,2
4874,2
44394,2
59412,2
18772,2
41086,2
1900,2
29009,2
25095,2
42925,2
59361,2
58490,2
18593,2
21949,2
60196,2
40043,2
51825,2
25772,2
369,2
27522,2
32847,2
5293,2
17960,2
19705,2
28574,2
24445,2
15776,2
29490,2
35640,2
46265,2
14617,2
34829,2
21018,2
53506,2
2263,2
53546,2
9468,2
50051,2
62161,2
9521,2
57958,2
18215,2
53708,2
15037,2
49229,2
32435,2
41373,2
59438,2
13397,2
11089,2
57751,2
49281,2
1765,2
21725,2
32766,2
45671,2
47587,2
55955,2
26410,2
26615,2
55590,2
12312,2
18747,2
33864,2
28654,2
45106,2
51580,2
6811,2
20484,2
9305,2
39080,2
8750,2
27352,2
48763,2
6713,2
36136,2
29572,2
18563,2
289,2
36484,2
479,2
9277,2
56103,2
15275,2
7103,2
1837,2
3766,2
50715,2
20463,2
49814,2
36537,2
41237,2
18152,2
53485,2
43422,2
60894,2
22296,2
27488,2
23964,2
50466,2
57581,2
52232,2
18613,2
37910,2
22818,2
25262,2
41172,2
14625,2
291,2
50666,2
2539,2
29259,2
2183,2
30293,2
11714,2
61506,2
58027,2
54860,2
7929,2
15920,2
58528,2
41998,2
46925,2
55726,2
24964,2
25348,2
23905,2
60205,2
17142,2
35211,2
47237,2
36496,2
10464,2
37200,2
19803,2
47174,2
25114,2
61899,2
7394,2
3564,2
7867,2
13539,2
62048,2
25961,2
31957,2
8189,2
13872,2
46152,2
25635,2
47811,2
16705,2
17590,2
49640,2
18402,2
47805,2
25825,2
30869,2
45097,2
10588,2
26569,2
47858,2
59062,2
25702,2
9155,2
9818,2
31544,2
36285,2
47122,2
56043,2
35180,2
2543,2
12702,2
11062,2
30168,2
23648,2
52480,2
55909,2
43775,2
52918,2
10631,2
5828,2
14063,2
15552,2
16819,2
4542,2
56904,2
36952,2
55982,2
15732,2
32105,2
1996,2
2454,2
6932,2
15939,2
52459,2
23253,2
60081,2
39147,2
43243,2
25027,2
7346,2
122,2
36444,2
21979,2
38479,2
49747,2
55973,2
8283,2
27480,2
18254,2
38725,2
7422,2
11489,2
36165,2
11287,2
34194,2
13291,2
28142,2
18993,2
46684,2
10763,2
47970,2
1051,2
11950,2
5340,2
54176,2
9191,2
52184,2
54558,2
16594,2
17314,2
55500,2
33390,2
50904,2
28714,2
52504,2
1825,2
43809,2
60307,2
21586,2
56663,2
28527,2
3740,2
20081,2
506,2
2547,2
5771,2
15395,2
33856,2
51204,2
57073,2
23071,2
35074,2
6212,2
50958,2
26672,2
36926,2
40780,2
2691,2
60252,2
28167,2
31750,2
4204,2
10593,2
22948,2
26748,2
56496,2
35555,2
50668,2
33781,2
48315,2
17382,2
1525,2
49778,2
1347,2
49307,2
3164,2
28917,2
53010,2
14823,2
59301,2
33503,2
62136,2
59506,2
33478,2
37544,2
21382,2
48178,2
54018,2
52704,2
53614,2
51249,2
57869,2
23907,2
41813,2
12871,2
59404,2
9985,2
38366,2
50392,2
15677,2
32314,2
34014,2
53499,2
42867,2
39904,2
11625,2
7704,2
47259,2
36627,2
11094,2
43150,2
45405,2
38360,2
7924,2
7854,2
8319,2
53069,2
45272,2
37943,2
52094,2
46118,2
10812,2
6282,2
12638,2
39129,2
60907,2
28913,2
1880,2
26344,2
32957,2
61211,2
2822,2
7665,2
8688,2
44190,2
48233,2
4895,2
13189,2
302,2
46241,2
55782,2
52028,2
16085,2
48158,2
44012,2
12011,2
18237,2
28857,2
35633,2
40979,2
27923,2
22369,2
18135,2
19185,2
42416,2
45149,2
59225,2
15914,2
37182,2
22448,2
34650,2
38505,2
39133,2
30793,2
6603,2
2593,2
33634,2
18427,2
1941,2
17163,2
23723,2
44903,2
10808,2
34873,2
42167,2
13622,2
56664,2
48213,2
42854,2
56015,2
40157,2
12960,2
37012,2
1707,2
18671,2
40439,2
16402,2
31771,2
21608,2
34459,2
2130,2
16414,2
37705,2
49193,2
54531,2
17305,2
38554,2
60223,2
33743,2
55083,2
39477,2
4340,2
32601,2
34050,2
13205,2
45308,2
48036,2
17070,2
25400,2
26223,2
28081,2
34724,2
44112,2
52652,2
35073,2
18351,2
28395,2
59570,2
37830,2
9789,2
18037,2
46766,2
45652,2
2821,2
46711,2
44178,2
12417,2
31658,2
41097,2
13536,2
14927,2
18852,2
42085,2
29722,2
11762,2
21065,2
31872,2
33490,2
59191,2
3964,2
56172,2
51926,2
54207,2
55628,2
23327,2
27743,2
61031,2
36123,2
53939,2
9099,2
20504,2
12856,2
49680,2
4703,2
27162,2
38637,2
18601,2
12772,2
55498,2
37730,2
52390,2
49628,2
19912,2
9244,2
46834,2
22628,2
25316,2
27543,2
2862,2
33681,2
19406,2
24972,2
29742,2
6277,2
34991,2
27563,2
28898,2
40429,2
40708,2
17991,2
15009,2
43709,2
49949,2
51361,2
57317,2
57354,2
45211,2
38182,2
7607,2
33854,2
31282,2
10246,2
18587,2
62138,2
33043,2
3944,2
32808,2
51993,2
10744,2
33231,2
38737,2
45447,2
30695,2
19825,2
60013,2
41165,2
34961,2
493,2
19075,2
9887,2
28407,2
570,2
42102,2
12063,2
26305,2
1755,2
28224,2
22492,2
20092,2
28180,2
27542,2
41707,2
57178,2
60734,2
22228,2
33285,2
44218,2
8461,2
45591,2
22077,2
28851,2
35849,2
32639,2
15455,2
60191,2
13171,2
36185,2
61112,2
56875,2
5586,2
16366,2
33332,2
21310,2
11898,2
26268,2
22681,2
32379,2
50037,2
3052,2
25879,2
26612,2
36177,2
26006,2
6937,2
25504,2
31874,2
9413,2
58300,2
24912,2
29057,2
18833,2
15404,2
49422,2
56661,2
49629,2
37463,2
40277,2
41074,2
5047,2
39279,2
43970,2
62239,2
13690,2
1927,2
21619,2
9262,2
50915,2
52827,2
19482,2
42344,2
1520,2
50793,2
21777,2
62043,2
43368,2
16597,2
51397,2
52885,2
27180,2
49587,2
57109,2
27432,2
31164,2
32465,2
41326,2
41407,2
52008,2
56781,2
61336,2
54468,2
36820,2
48027,2
55423,2
2479,2
48568,2
6517,2
25282,2
40775,2
12348,2
35956,2
40392,2
50066,2
8676,2
59279,2
24925,2
24961,2
35246,2
14970,2
9313,2
62326,2
36151,2
31732,2
58615,2
32933,2
3126,2
1177,2
8035,2
11140,2
9332,2
15634,2
26204,2
13645,2
45129,2
48442,2
41444,2
29876,2
28652,2
16804,2
5041,2
52478,2
54438,2
4980,2
5643,2
42750,2
40500,2
10355,2
6388,2
9880,2
36354,2
52174,2
10720,2
55629,2
14308,2
11876,2
54134,2
37500,2
13667,2
3132,2
34280,2
1633,2
13312,2
61784,2
53942,2
59513,2
25137,2
33972,2
26717,2
33673,2
59366,2
37306,2
43407,2
38889,2
39998,2
30541,2
10189,2
27092,2
45184,2
49170,2
23649,2
46618,2
29916,2
33694,2
33996,2
53502,2
45410,2
4748,2
43030,2
50897,2
48703,2
9083,2
51359,2
821,2
30162,2
15085,2
12294,2
11949,2
7963,2
38542,2
42211,2
23791,2
26034,2
43293,2
17117,2
10730,2
13150,2
35798,2
50184,2
38910,2
12834,2
29036,2
56367,2
61036,2
19727,2
27251,2
9162,2
27549,2
42340,2
60138,2
27935,2
34902,2
2334,2
26012,2
51396,2
7018,2
8804,2
21443,2
26303,2
39307,2
55030,2
58486,2
42743,2
912,2
3600,2
23720,2
27963,2
46036,2
53728,2
61895,2
34367,2
5815,2
21493,2
11424,2
35913,2
27505,2
32405,2
40225,2
10581,2
58079,2
52864,2
34484,2
36914,2
17099,2
26142,2
2636,2
1754,2
47517,2
43344,2
39165,2
44860,2
33950,2
8755,2
59049,2
46394,2
38901,2
34411,2
17338,2
48980,2
15025,2
35042,2
14162,2
20679,2
7014,2
18488,2
28594,2
34197,2
655,2
52526,2
41789,2
52623,2
9603,2
22551,2
19747,2
22306,2
53199,2
39950,2
1030,2
23488,2
58011,2
50380,2
18887,2
58415,2
8380,2
24778,2
23341,2
46803,2
32880,2
14937,2
15175,2
56843,2
58105,2
60251,2
48324,2
15942,2
33087,2
39598,2
45351,2
4427,2
41421,2
16367,2
61444,2
21199,2
43710,2
1785,2
31807,2
56742,2
61104,2
24315,2
55355,2
5897,2
29353,2
45084,2
50418,2
53136,2
13187,2
32858,2
49047,2
47028,2
8771,2
7012,2
18632,2
5291,2
51549,2
46769,2
57060,2
33360,2
24245,2
22030,2
57378,2
12510,2
7774,2
9365,2
23842,2
40649,2
3034,2
28148,2
34931,2
55204,2
26928,2
20022,2
33437,2
31249,2
48890,2
50876,2
7795,2
15469,2
22300,2
56921,2
23315,2
18136,2
59523,2
50482,2
46602,2
17572,2
15121,2
16671,2
17867,2
46490,2
57999,2
5544,2
11360,2
51976,2
16992,2
21694,2
36730,2
9771,2
18617,2
60743,2
7356,2
3338,2
39394,2
57710,2
17619,2
25914,2
30989,2
22945,2
13855,2
7322,2
58228,2
40286,2
62148,2
32525,2
15484,2
64,2
51730,2
57321,2
51633,2
10949,2
18662,2
38892,2
44302,2
20859,2
53152,2
19434,2
21981,2
40350,2
25674,2
21893,2
11534,2
22313,2
12819,2
17336,2
54214,2
5962,2
41963,2
54005,2
37991,2
34049,2
9975,2
10898,2
14525,2
41535,2
37350,2
28245,2
31684,2
17510,2
50412,2
60575,2
14246,2
26790,2
55983,2
50445,2
15432,2
39496,2
46198,2
50318,2
22579,2
42681,2
45295,2
39231,2
13301,2
62129,2
50772,2
35153,2
56761,2
14467,2
51260,2
51658,2
37649,2
958,2
38396,2
2665,2
51557,2
27342,2
17208,2
26175,2
7980,2
28389,2
25591,2
48366,2
21623,2
8677,2
25199,2
27279,2
16651,2
52229,2
919,2
36839,2
61168,2
58600,2
35329,2
51335,2
48731,2
2482,2
10520,2
45385,2
50536,2
47654,2
9623,2
24790,2
35818,2
33024,2
7163,2
8320,2
36776,2
32406,2
38283,2
5498,2
6874,2
57470,2
18536,2
29802,2
25256,2
27324,2
54560,2
55750,2
56444,2
38616,2
39385,2
14078,2
50232,2
54282,2
22966,2
26096,2
34863,2
12378,2
52950,2
33744,2
11438,2
15434,2
58253,2
20732,2
32078,2
60056,2
10288,2
24669,2
25777,2
38919,2
41750,2
29452,2
2246,2
58509,2
45719,2
8811,2
37866,2
33927,2
55070,2
31715,2
5562,2
6984,2
16165,2
52584,2
56786,2
30448,2
15841,2
45894,2
43018,2
52540,2
49283,2
58001,2
4532,2
10860,2
55222,2
13332,2
36045,2
55720,2
19483,2
44114,2
60819,2
53291,2
49947,2
45555,2
9184,2
5946,2
35964,2
7164,2
16871,2
24729,2
6788,2
32394,2
34805,2
41621,2
43651,2
45973,2
39334,2
297,2
22871,2
26893,2
53241,2
55631,2
62637,2
14426,2
61051,2
40,2
20238,2
54667,2
27681,2
19953,2
35227,2
33598,2
9666,2
44780,2
13948,2
21256,2
23205,2
59906,2
44445,2
61113,2
16052,2
39855,2
57892,2
46085,2
50100,2
9841,2
36373,2
51440,2
2059,2
19951,2
12612,2
46913,2
58637,2
8115,2
44262,2
53204,2
16238,2
11694,2
41104,2
48675,2
494,2
1905,2
4526,2
7082,2
11001,2
16186,2
18586,2
20468,2
20487,2
21380,2
25311,2
30482,2
34572,2
37270,2
39414,2
39601,2
40529,2
43688,2
49460,2
9437,2
4122,2
41690,2
17808,2
24709,2
36957,2
43277,2
56981,2
14996,2
30752,2
12910,2
21469,2
41777,2
47341,2
54386,2
31340,2
27023,2
5182,2
52723,2
5767,2
31766,2
6846,2
33902,2
43664,2
2816,2
11275,2
46560,2
40999,2
30288,2
44148,2
1794,2
52699,2
26023,2
25453,2
27521,2
23759,2
33890,2
45882,2
16537,2
3638,2
52603,2
6552,2
45899,2
56120,2
18279,2
61033,2
61933,2
38305,2
341,2
5359,2
36282,2
17838,2
13643,2
17780,2
34632,2
61949,2
1478,2
1939,2
25585,2
37089,2
16022,2
8824,2
25885,2
9055,2
23244,2
46546,2
26782,2
39428,2
59235,2
4668,2
28069,2
9935,2
33286,2
38399,2
40086,2
55945,2
13125,2
7076,2
1648,2
62018,2
25001,2
37774,2
4304,2
38103,2
9552,2
9862,2
22907,2
10919,2
30580,2
22942,2
37145,2
59317,2
43455,2
35128,2
57078,2
30704,2
59133,2
2530,2
4828,2
15815,2
13971,2
47491,2
59464,2
15411,2
439,2
36252,2
53607,2
51409,2
14036,2
28818,2
10200,2
11046,2
17105,2
32149,2
33858,2
14459,2
32124,2
18612,2
20682,2
35105,2
42730,2
26617,2
56945,2
1892,2
60902,2
51514,2
29456,2
40283,2
42791,2
4722,2
30191,2
11521,2
7999,2
61803,2
31789,2
62022,2
29618,2
8143,2
39917,2
39318,2
48299,2
51015,2
60080,2
31381,2
45434,2
53381,2
19975,2
61890,2
48790,2
59471,2
7547,2
55154,2
5468,2
9816,2
7993,2
18795,2
7890,2
5885,2
36409,2
51516,2
49546,2
24824,2
55198,2
58439,2
61431,2
40902,2
42899,2
32320,2
30341,2
44204,2
33433,2
51070,2
9036,2
8387,2
20739,2
8402,2
31508,2
62135,2
14546,2
40370,2
22727,2
8972,2
7948,2
37022,2
7244,2
50758,2
1025,2
15969,2
54990,2
42453,2
41277,2
10912,2
12942,2
15534,2
15535,2
44653,2
56696,2
9071,2
27187,2
42137,2
45636,2
4104,2
36367,2
5833,2
61425,2
15049,2
13754,2
21564,2
29119,2
20205,2
28470,2
59685,2
49085,2
48438,2
45278,2
55980,2
15330,2
40416,2
29288,2
34294,2
27090,2
38277,2
12207,2
9538,2
62044,2
51371,2
1492,2
14236,2
17133,2
26084,2
35004,2
44146,2
53123,2
11199,2
44170,2
25697,2
49260,2
43770,2
39613,2
54492,2
49105,2
20567,2
10871,2
62084,2
15481,2
15413,2
18652,2
34082,2
39136,2
41374,2
7486,2
34249,2
31388,2
20726,2
33896,2
18527,2
5225,2
8722,2
27847,2
15470,2
27736,2
31907,2
36237,2
60361,2
48621,2
6012,2
2499,2
2802,2
4611,2
5512,2
19013,2
23557,2
24281,2
31430,2
38840,2
55818,2
415,2
28301,2
4397,2
55724,2
49697,2
2091,2
55464,2
172,2
9679,2
41090,2
31880,2
52380,2
53211,2
6733,2
2677,2
54557,2
22096,2
4010,2
14557,2
5098,2
43527,2
16310,2
24436,2
54647,2
42959,2
10493,2
40424,2
37951,2
10783,2
55768,2
55612,2
55847,2
61744,2
59486,2
49458,2
46469,2
29106,2
3912,2
51026,2
26535,2
27759,2
35730,2
48007,2
35103,2
35852,2
50762,2
40093,2
4845,2
61805,2
37726,2
16922,2
11171,2
53221,2
1094,2
58604,2
26750,2
36457,2
49432,2
1531,2
50400,2
39347,2
47479,2
38105,2
19977,2
56342,2
28686,2
22718,2
37341,2
30683,2
39924,2
1496,2
37479,2
12162,2
9408,2
7,2
40304,2
25339,2
12159,2
16709,2
54391,2
33579,2
42086,2
49213,2
4528,2
60912,2
13123,2
33315,2
42438,2
11728,2
15464,2
16877,2
16430,2
19558,2
1975,2
38716,2
5792,2
21104,2
60673,2
13409,2
17192,2
56383,2
27562,2
8430,2
15423,2
6837,2
52818,2
21196,2
26370,2
50371,2
43421,2
874,2
17429,2
50094,2
55835,2
50558,2
4247,2
28476,2
3894,2
11273,2
29666,2
8503,2
18154,2
19931,2
38954,2
36025,2
57790,2
21081,2
25251,2
24530,2
40884,2
57058,2
58617,2
57290,2
18249,2
55391,2
49207,2
6039,2
50028,2
7138,2
46150,2
32052,2
11326,2
61008,2
41959,2
55405,2
48397,2
6995,2
61042,2
10749,2
3451,2
22362,2
9318,2
59993,2
18209,2
4063,2
42113,2
55941,2
42757,2
5511,2
31606,2
1269,2
12554,2
14352,2
19721,2
19368,2
42474,2
3203,2
3735,2
40793,2
43671,2
59526,2
9398,2
52283,2
33197,2
56261,2
46423,2
51467,2
59363,2
3575,2
55244,2
9457,2
18328,2
60738,2
61747,2
14334,2
14513,2
52556,2
46596,2
13313,2
51038,2
48804,2
54437,2
48385,2
39266,2
11524,2
5656,2
21423,2
45178,2
19697,2
31694,2
9393,2
42989,2
31179,2
9677,2
15412,2
55894,2
54835,2
44837,2
20757,2
22363,2
24132,2
36455,2
26386,2
18588,2
20050,2
55943,2
62096,2
14030,2
43495,2
46562,2
1451,2
8375,2
15515,2
6885,2
11189,2
35358,2
21435,2
270,2
14146,2
50366,2
29010,2
50263,2
19923,2
48464,2
57014,2
58568,2
12739,2
2409,2
43912,2
29705,2
46862,2
16384,2
51822,2
7877,2
20931,2
62128,2
15285,2
17147,2
26292,2
42355,2
42437,2
5129,2
61261,2
50858,2
61629,2
46611,2
42554,2
24297,2
19444,2
31304,2
4594,2
9203,2
55610,2
52216,2
42924,2
38060,2
34151,2
16513,2
18353,2
12489,2
37928,2
54089,2
43081,2
7576,2
49940,2
4660,2
41935,2
27257,2
20764,2
25401,2
55469,2
32224,2
25842,2
24115,2
19870,2
18257,2
27580,2
6718,2
10256,2
11786,2
13186,2
19234,2
21772,2
21813,2
27984,2
36432,2
36459,2
39853,2
53177,2
28782,2
11911,2
21511,2
13518,2
7768,2
10157,2
4281,2
20621,2
56811,2
12929,2
13632,2
50071,2
7468,2
35427,2
62291,2
9852,2
44593,2
4919,2
4295,2
43286,2
3663,2
8558,2
59306,2
28278,2
48017,2
45471,2
3353,2
53195,2
58449,2
58840,2
22815,2
55052,2
41270,2
61353,2
20752,2
41737,2
733,2
2550,2
3141,2
7350,2
9078,2
9219,2
10426,2
19114,2
21551,2
28579,2
30644,2
31661,2
34177,2
37400,2
40325,2
40624,2
40625,2
48827,2
51508,2
52020,2
54426,2
54434,2
54450,2
54518,2
57486,2
58904,2
61153,2
33342,2
43805,2
16034,2
52048,2
46829,2
619,2
8517,2
31815,2
41936,2
49667,2
296,2
46495,2
40501,2
30916,2
6802,2
16324,2
18373,2
14915,2
58573,2
24199,2
24801,2
60117,2
1643,2
41135,2
36358,2
33546,2
8620,2
61734,2
45095,2
14655,2
25042,2
53941,2
23272,2
38120,2
9292,2
18344,2
9840,2
13364,2
32045,2
14343,2
11707,2
11827,2
58163,2
21112,2
4437,2
45286,2
8820,2
15765,2
27183,2
21776,2
17307,2
20207,2
40201,2
53222,2
7303,2
20151,2
36159,2
8178,2
21597,2
61366,2
9085,2
32927,2
52841,2
61334,2
49101,2
27267,2
1959,2
19630,2
16228,2
24621,2
26624,2
37803,2
51164,2
54219,2
28413,2
62156,2
12867,2
62111,2
60413,2
55770,2
25681,2
5381,2
25706,2
32322,2
55799,2
58303,2
61494,2
59687,2
50330,2
445,2
61507,2
4308,2
10894,2
56320,2
47006,2
42364,2
20496,2
45077,2
11667,2
24826,2
10687,2
61651,2
52762,2
7228,2
41156,2
59348,2
8966,2
58149,2
34481,2
36469,2
43589,2
43697,2
59705,2
12451,2
27138,2
54254,2
61535,2
11197,2
20558,2
57215,2
3315,2
36019,2
11810,2
7749,2
9444,2
46634,2
17645,2
24644,2
11798,2
47288,2
52289,2
18114,2
9424,2
9911,2
16847,2
39714,2
43231,2
50118,2
26896,2
44236,2
48059,2
34325,2
40582,2
46908,2
35532,2
34328,2
45750,2
34230,2
57467,2
116,2
16887,2
27452,2
59331,2
482,2
13596,2
36325,2
45164,2
50483,2
35713,2
20918,2
39974,2
41038,2
57635,2
49661,2
58102,2
21937,2
55974,2
14305,2
61294,2
57461,2
9446,2
14000,2
56285,2
54281,2
19964,2
47913,2
24225,2
54496,2
27632,2
29776,2
58988,2
12606,2
46412,2
61532,2
35509,2
30437,2
30507,2
13604,2
6220,2
7175,2
13620,2
26548,2
54803,2
9843,2
58035,2
30493,2
28292,2
52443,2
8797,2
36423,2
7458,2
17425,2
51405,2
30631,2
48128,2
10516,2
32212,2
54449,2
22967,2
15205,2
62671,2
26756,2
21970,2
16803,2
23679,2
34839,2
25363,2
20006,2
27497,2
52544,2
3680,2
52235,2
42481,2
41801,2
316,2
25931,2
43016,2
5630,2
38464,2
25989,2
29772,2
24025,2
11755,2
37241,2
30610,2
34969,2
46298,2
58492,2
60247,2
53897,2
36897,2
98,2
16794,2
38803,2
3425,2
31198,2
54701,2
27833,2
1524,2
47908,2
38683,2
18131,2
62612,2
7084,2
47868,2
251,2
42770,2
20009,2
163,2
52503,2
28392,2
47910,2
42650,2
44099,2
27223,2
13384,2
5775,2
16839,2
19720,2
8560,2
49718,2
31492,2
16917,2
5279,2
53005,2
62060,2
20796,2
54347,2
29741,2
46103,2
33422,2
21486,2
54276,2
33034,2
3459,2
18502,2
59097,2
57113,2
15225,2
7221,2
31245,2
1930,2
139,2
5070,2
18942,2
18160,2
3866,2
33779,2
40756,2
33587,2
38334,2
57569,2
19255,2
27996,2
427,2
28664,2
29308,2
56004,2
59578,2
43435,2
6292,2
61149,2
53516,2
26317,2
4543,2
31236,2
45332,2
45748,2
11736,2
59093,2
8036,2
22060,2
9239,2
7270,2
52467,2
49277,2
32964,2
47789,2
48138,2
55132,2
9077,2
41264,2
33420,2
34226,2
43317,2
52840,2
57277,2
11302,2
59480,2
16361,2
27089,2
11090,2
36586,2
11858,2
7000,2
42077,2
52571,2
30263,2
4860,2
45165,2
49617,2
23755,2
17830,2
8174,2
61422,2
15991,2
18162,2
46337,2
60614,2
3665,2
16620,2
16272,2
3313,2
22471,2
24984,2
44768,2
22600,2
31982,2
59924,2
20064,2
53148,2
22808,2
24041,2
5196,2
48846,2
31440,2
54447,2
29716,2
46990,2
39283,2
30029,2
22382,2
8800,2
25677,2
32043,2
41879,2
60175,2
41715,2
56000,2
37667,2
43165,2
50295,2
1838,2
6075,2
62439,2
60450,2
28976,2
6453,2
17975,2
60084,2
17882,2
38586,2
3776,2
21522,2
23857,2
28486,2
4396,2
54209,2
51923,2
28573,2
37594,2
46288,2
14951,2
31994,2
40758,2
18241,2
35277,2
7219,2
41112,2
39897,2
57609,2
40414,2
51630,2
16648,2
41318,2
41739,2
62067,2
17565,2
29026,2
30410,2
27077,2
59039,2
43656,2
19327,2
55986,2
18332,2
46930,2
14809,2
9933,2
38274,2
29022,2
11570,2
27567,2
56035,2
2239,2
22787,2
42511,2
10908,2
1789,2
15996,2
14198,2
24867,2
43345,2
12598,2
40686,2
43476,2
30106,2
33047,2
42120,2
8629,2
25357,2
45839,2
22735,2
15837,2
28329,2
59745,2
14152,2
34121,2
7306,2
26233,2
62013,2
54487,2
51664,2
59213,2
17496,2
873,2
47385,2
35651,2
47628,2
39304,2
20027,2
52482,2
17674,2
1598,2
13628,2
38888,2
32046,2
53,2
55634,2
25648,2
28660,2
33981,2
19160,2
3640,2
61093,2
43490,2
54473,2
9066,2
61523,2
28930,2
56934,2
43084,2
11904,2
16092,2
21714,2
27435,2
31865,2
57687,2
57194,2
33848,2
43248,2
18862,2
60075,2
25608,2
31628,2
36093,2
7520,2
13843,2
33999,2
21481,2
3364,2
49584,2
61628,2
32065,2
12204,2
56552,2
19365,2
59118,2
62850,2
407,2
37066,2
12179,2
17834,2
45430,2
40102,2
62587,2
8028,2
17161,2
26218,2
62040,2
62055,2
25998,2
48525,2
16926,2
13343,2
12651,2
24104,2
11559,2
41816,2
25452,2
4503,2
30544,2
15191,2
45801,2
48447,2
58333,2
27450,2
51168,2
18238,2
26479,2
27295,2
52941,2
21125,2
49143,2
5397,2
14380,2
23203,2
25641,2
41377,2
43773,2
46331,2
48832,2
50374,2
60909,2
40981,2
33578,2
15703,2
12900,2
25414,2
60015,2
19846,2
15417,2
12791,2
38841,2
23197,2
60815,2
1264,2
13058,2
8918,2
52329,2
45470,2
34412,2
37061,2
60522,2
46808,2
51347,2
61273,2
48102,2
2655,2
4184,2
44689,2
47881,2
32125,2
11777,2
16797,2
21028,2
14388,2
5328,2
19590,2
23934,2
28023,2
8645,2
41258,2
58551,2
14637,2
27,2
37187,2
25505,2
33300,2
39325,2
56357,2
50540,2
19262,2
40910,2
55038,2
23867,2
30754,2
36164,2
41987,2
47925,2
36487,2
1056,2
32519,2
41179,2
11723,2
27440,2
1407,2
44369,2
39311,2
49908,2
44176,2
27283,2
36602,2
6266,2
22622,2
38825,2
18659,2
28340,2
6287,2
49310,2
51190,2
11668,2
558,2
21022,2
5635,2
14066,2
16355,2
51914,2
54335,2
41646,2
59350,2
22169,2
27801,2
33971,2
23951,2
50888,2
40613,2
1421,2
15988,2
31580,2
7818,2
43778,2
37827,2
34204,2
43856,2
40002,2
5549,2
52361,2
25588,2
3177,2
8226,2
21871,2
26221,2
27203,2
1748,2
31517,2
28657,2
52463,2
38891,2
48319,2
21660,2
54061,2
7351,2
5997,2
8146,2
8277,2
60770,2
11653,2
59759,2
11317,2
350,2
42057,2
1434,2
58703,2
256,2
38129,2
12583,2
5352,2
43004,2
55182,2
4342,2
36425,2
13445,2
21580,2
56946,2
27671,2
20645,2
1662,2
59026,2
41885,2
10479,2
36053,2
9218,2
61543,2
53018,2
7107,2
25552,2
33487,2
45538,2
50581,2
51252,2
20535,2
4201,2
24459,2
24761,2
61819,2
45547,2
44214,2
6030,2
4687,2
13681,2
38969,2
29540,2
1902,2
4430,2
43869,2
47723,2
61837,2
35396,2
59320,2
38226,2
8323,2
8326,2
1307,2
46465,2
53371,2
27191,2
33374,2
42461,2
45328,2
52227,2
54292,2
41478,2
46667,2
27838,2
29609,2
50182,2
54037,2
24841,2
54403,2
17296,2
55935,2
62810,2
62835,2
54073,2
20195,2
28981,2
39747,2
6725,2
9813,2
60792,2
19491,2
8693,2
140,2
1652,2
17633,2
31436,2
30298,2
24062,2
25650,2
269,2
24937,2
30588,2
47155,2
59347,2
58931,2
20940,2
18577,2
49483,2
5730,2
36767,2
18341,2
15896,2
27548,2
3225,2
10843,2
14067,2
21932,2
3218,2
15399,2
44735,2
3522,2
18525,2
33759,2
59888,2
10595,2
46832,2
14590,2
1961,2
15194,2
33291,2
15344,2
42306,2
34526,2
34984,2
5202,2
18545,2
51388,2
57346,2
9747,2
428,2
3396,2
14370,2
20990,2
28226,2
33986,2
27459,2
24409,2
28873,2
4754,2
22398,2
52697,2
7379,2
19700,2
37133,2
58098,2
5257,2
14427,2
21476,2
40141,2
58834,2
55679,2
605,2
61387,2
7347,2
39398,2
57866,2
6899,2
12006,2
24,2
45928,2
46530,2
49126,2
39918,2
11527,2
20490,2
24683,2
40047,2
1323,2
23797,2
22083,2
48911,2
47833,2
15579,2
1273,2
37968,2
27979,2
7880,2
33419,2
43222,2
7717,2
6127,2
52998,2
39720,2
18514,2
6310,2
9326,2
20069,2
36430,2
41518,2
47087,2
16120,2
56507,2
50373,2
59716,2
45446,2
22275,2
56968,2
27259,2
10313,2
11701,2
46113,2
14684,2
29284,2
49217,2
45509,2
39032,2
43298,2
58588,2
15016,2
48524,2
50073,2
11471,2
11807,2
29254,2
21574,2
19755,2
50523,2
8257,2
18475,2
40330,2
36508,2
45601,2
49431,2
38812,2
16321,2
49386,2
51799,2
50269,2
23878,2
59299,2
42436,2
57055,2
3816,2
53392,2
9653,2
36514,2
47795,2
40289,2
28944,2
60887,2
2461,2
31206,2
12939,2
22212,2
7668,2
50629,2
7744,2
57910,2
56559,2
62806,2
40696,2
44270,2
33675,2
3294,2
356,2
38720,2
45122,2
5232,2
14862,2
32155,2
40978,2
54382,2
34153,2
36941,2
19898,2
12575,2
45394,2
25191,2
21868,2
9427,2
21436,2
56777,2
54307,2
58818,2
22649,2
34490,2
44255,2
14167,2
27106,2
33307,2
60202,2
25240,2
33172,2
14858,2
38680,2
40151,2
16769,2
18504,2
1603,2
22737,2
27834,2
20671,2
9549,2
46730,2
11097,2
59015,2
57543,2
36079,2
38432,2
46494,2
38465,2
10098,2
7700,2
24599,2
39727,2
47078,2
61811,2
232,2
25010,2
5431,2
11426,2
17734,2
61338,2
24552,2
13639,2
43408,2
62665,2
51328,2
25141,2
3819,2
9574,2
28145,2
36330,2
25446,2
27135,2
54484,2
15545,2
7488,2
12567,2
9754,2
13285,2
40872,2
37981,2
46680,2
24732,2
15135,2
10225,2
47073,2
59834,2
27566,2
59516,2
4193,2
17521,2
23681,2
9435,2
61356,2
33973,2
18634,2
22432,2
6875,2
39985,2
1505,2
32183,2
54994,2
60972,2
60140,2
20524,2
56055,2
2715,2
52472,2
4882,2
11871,2
48623,2
6389,2
7282,2
32044,2
46762,2
29481,2
27767,2
34384,2
9545,2
17120,2
61611,2
3548,2
21975,2
45156,2
19958,2
50541,2
38894,2
52326,2
18081,2
54490,2
6631,2
31878,2
34213,2
565,2
55650,2
35831,2
27545,2
39145,2
32489,2
31024,2
51539,2
46652,2
25782,2
29762,2
47380,2
9504,2
27157,2
48461,2
58624,2
61845,2
6107,2
38282,2
10648,2
21381,2
5138,2
20020,2
9273,2
15369,2
46622,2
57519,2
40396,2
30416,2
46743,2
43270,2
14688,2
31497,2
41896,2
56814,2
21617,2
34461,2
44753,2
52373,2
26649,2
41698,2
207,2
15833,2
3951,2
30891,2
238,2
42628,2
60323,2
10341,2
18883,2
32294,2
45042,2
59203,2
17164,2
59258,2
60180,2
26712,2
5550,2
32086,2
29267,2
11990,2
61032,2
41629,2
60991,2
20049,2
24637,2
27082,2
51506,2
20086,2
53210,2
47603,2
8953,2
23552,2
45824,2
60355,2
41516,2
13168,2
23300,2
28153,2
42053,2
36381,2
763,2
31194,2
43264,2
609,2
9426,2
28612,2
51889,2
11920,2
41534,2
14382,2
25438,2
26440,2
52259,2
59071,2
24073,2
53097,2
57949,2
7214,2
61534,2
53744,2
39781,2
16973,2
43385,2
44005,2
17309,2
28715,2
45188,2
44172,2
36870,2
50852,2
33767,2
18452,2
17514,2
53930,2
55727,2
3514,2
44608,2
886,2
31139,2
14522,2
14428,2
48615,2
11880,2
21162,2
56866,2
20581,2
48519,2
47912,2
36633,2
58067,2
59814,2
36933,2
41528,2
56108,2
2524,2
9185,2
39769,2
12785,2
45773,2
49057,2
8964,2
57092,2
54208,2
9250,2
234,2
1188,2
5331,2
6470,2
6497,2
7124,2
9510,2
9871,2
16235,2
18252,2
23766,2
24559,2
27749,2
28459,2
29390,2
33862,2
37056,2
40916,2
41044,2
42658,2
45205,2
49559,2
51469,2
55814,2
57855,2
58157,2
61712,2
49407,2
14473,2
43375,2
31033,2
5488,2
24502,2
2474,2
57488,2
60108,2
16395,2
6595,2
40140,2
40373,2
18466,2
18177,2
53476,2
46196,2
38108,2
54702,2
62219,2
32237,2
24759,2
50946,2
59231,2
5983,2
19682,2
15539,2
25354,2
36328,2
36427,2
10657,2
30618,2
59618,2
11899,2
32995,2
18196,2
36171,2
60024,2
27506,2
43616,2
29514,2
15364,2
1895,2
50388,2
38707,2
20625,2
45229,2
35886,2
51582,2
16365,2
21708,2
52641,2
30776,2
49356,2
2240,2
37326,2
52476,2
7940,2
43994,2
50381,2
21969,2
47690,2
28886,2
49655,2
27876,2
3207,2
49071,2
61040,2
20810,2
10768,2
54746,2
36641,2
6361,2
7191,2
1706,2
25491,2
1945,2
55496,2
32378,2
58175,2
46655,2
2108,2
48051,2
12234,2
52204,2
36245,2
54982,2
9778,2
6872,2
5605,2
61762,2
18,2
9374,2
47879,2
50531,2
46659,2
1627,2
49218,2
45480,2
37048,2
27559,2
4570,2
24421,2
12145,2
41957,2
59479,2
45019,2
30833,2
52498,2
49871,2
7227,2
19616,2
10198,2
24674,2
34210,2
7859,2
32428,2
16016,2
51312,2
59863,2
59611,2
1126,2
50333,2
9368,2
46290,2
22307,2
2067,2
12812,2
33496,2
40645,2
4584,2
37708,2
36227,2
61304,2
58051,2
2696,2
7982,2
13950,2
17046,2
17175,2
19470,2
19509,2
21077,2
30020,2
34992,2
45584,2
52187,2
53113,2
61062,2
62000,2
62061,2
52821,2
3344,2
58225,2
8770,2
36494,2
61465,2
6235,2
10747,2
33456,2
61572,2
39589,2
23271,2
27575,2
7053,2
28080,2
8012,2
8048,2
43918,2
54581,2
13454,2
18264,2
6152,2
21594,2
51453,2
13520,2
16704,2
62254,2
491,2
54455,2
13395,2
12265,2
51957,2
54649,2
1866,2
7986,2
23421,2
56249,2
57255,2
52325,2
30607,2
3011,2
16595,2
22057,2
48908,2
30977,2
34495,2
35178,2
10197,2
1705,2
8466,2
13735,2
16416,2
36218,2
62778,2
22028,2
38686,2
22367,2
19291,2
36034,2
50968,2
15843,2
327,2
26206,2
62547,2
6199,2
2966,2
39095,2
31308,2
42541,2
15222,2
52061,2
129,2
36133,2
49681,2
19486,2
31904,2
17452,2
32193,2
30176,2
25184,2
49484,2
42927,2
17677,2
38640,2
158,2
6982,2
60741,2
23606,2
16166,2
6697,2
21403,2
26149,2
31798,2
33351,2
50867,2
33969,2
16135,2
5579,2
28120,2
32408,2
55910,2
56883,2
36188,2
17131,2
28890,2
27510,2
62382,2
8240,2
27531,2
36567,2
55867,2
58489,2
39051,2
12721,2
10915,2
37952,2
7689,2
17042,2
26220,2
26695,2
35049,2
42392,2
44106,2
58764,2
29786,2
61068,2
51462,2
59568,2
51279,2
25474,2
41248,2
52143,2
38450,2
9717,2
2851,2
4443,2
15860,2
22746,2
59693,2
41063,2
15368,2
20960,2
50613,2
39597,2
10475,2
29848,2
12662,2
21014,2
54365,2
54799,2
22134,2
31563,2
6135,2
19608,2
1966,2
47691,2
7318,2
8317,2
9311,2
41962,2
39609,2
20624,2
22058,2
47930,2
41794,2
12522,2
43586,2
19197,2
52782,2
17024,2
3815,2
53387,2
17032,2
27340,2
46008,2
61320,2
44446,2
12130,2
36134,2
32868,2
33586,2
58885,2
34263,2
45135,2
5762,2
5858,2
39033,2
184,2
47972,2
36287,2
42076,2
45325,2
34505,2
56596,2
39869,2
40768,2
200,2
48759,2
39146,2
34629,2
5207,2
46145,2
5564,2
50280,2
7235,2
30115,2
10079,2
3006,2
59256,2
17150,2
30251,2
38523,2
28544,2
45198,2
40759,2
16113,2
57706,2
55671,2
56911,2
51035,2
41189,2
36222,2
30311,2
52659,2
54543,2
33872,2
10384,2
57012,2
34602,2
46146,2
28922,2
25387,2
18782,2
5171,2
39885,2
7997,2
61349,2
30979,2
44857,2
53919,2
24820,2
31208,2
32234,2
1238,2
32588,2
34428,2
47911,2
49890,2
50913,2
27413,2
51745,2
43483,2
36128,2
37843,2
30167,2
1733,2
18255,2
18304,2
21889,2
25136,2
59335,2
59461,2
20701,2
24908,2
9442,2
30346,2
33787,2
4501,2
49403,2
47706,2
11687,2
46701,2
52890,2
2385,2
32480,2
23535,2
52573,2
25151,2
46740,2
15994,2
23709,2
60428,2
61021,2
4968,2
40946,2
61193,2
12276,2
38474,2
58962,2
4166,2
52146,2
9072,2
6417,2
59087,2
45505,2
26289,2
34747,2
44131,2
52093,2
61499,2
26290,2
29968,2
18192,2
45504,2
30828,2
25978,2
55714,2
56597,2
45560,2
30883,2
34043,2
1413,2
6965,2
23701,2
60396,2
3748,2
38731,2
42482,2
58685,2
18184,2
17685,2
41881,2
43431,2
225,2
48228,2
34240,2
12860,2
13918,2
34385,2
54224,2
32859,2
44705,2
215,2
20080,2
34907,2
39424,2
40057,2
58104,2
58594,2
60330,2
61136,2
61560,2
61920,2
12849,2
61977,2
17210,2
53139,2
42468,2
36145,2
38984,2
31725,2
1320,2
11432,2
12684,2
35997,2
19003,2
49598,2
38531,2
36404,2
33504,2
50211,2
45594,2
20815,2
37312,2
57668,2
48537,2
11745,2
50464,2
12955,2
32301,2
45289,2
51981,2
61880,2
36060,2
9755,2
14988,2
20106,2
62095,2
60999,2
569,2
9460,2
23976,2
44216,2
21510,2
18922,2
10233,2
46623,2
25270,2
36369,2
36243,2
19627,2
46481,2
54535,2
8360,2
31318,2
45975,2
54183,2
60790,2
28969,2
17289,2
62131,2
29857,2
57186,2
6860,2
4005,2
19169,2
17166,2
19366,2
55784,2
46973,2
31856,2
54675,2
61630,2
43437,2
45212,2
16432,2
52849,2
59683,2
37982,2
39247,2
3632,2
6989,2
15388,2
15616,2
42260,2
51781,2
13235,2
20609,2
31546,2
31083,2
28819,2
60712,2
42429,2
7223,2
16688,2
42588,2
25028,2
22206,2
54139,2
44927,2
2861,2
2962,2
48945,2
54981,2
31531,2
1241,2
59324,2
7213,2
2979,2
10732,2
47400,2
10692,2
11862,2
21094,2
11292,2
15846,2
18497,2
31358,2
46124,2
9259,2
30534,2
60170,2
57219,2
35986,2
19675,2
61120,2
37344,2
61639,2
6689,2
43042,2
45442,2
9257,2
21839,2
22339,2
55735,2
60329,2
24629,2
25762,2
6442,2
16105,2
13776,2
40367,2
62704,2
37825,2
9960,2
18935,2
46994,2
1495,2
28860,2
30207,2
5591,2
1858,2
22972,2
23210,2
42375,2
44734,2
28854,2
13163,2
28688,2
36221,2
33612,2
34626,2
27949,2
901,2
2758,2
21146,2
27390,2
30093,2
32401,2
46771,2
59460,2
20850,2
16294,2
25377,2
45630,2
43935,2
6347,2
34421,2
55996,2
34489,2
4459,2
60417,2
13436,2
28346,2
28773,2
23651,2
15177,2
31526,2
43413,2
30768,2
30032,2
5601,2
14892,2
27154,2
58582,2
51274,2
18719,2
48724,2
14743,2
14501,2
9720,2
16980,2
48222,2
41433,2
51800,2
1068,2
40026,2
9079,2
39100,2
54060,2
56417,2
9367,2
23443,2
31346,2
3485,2
29381,2
52201,2
7538,2
16955,2
38027,2
30165,2
17184,2
33527,2
31659,2
20082,2
54330,2
19438,2
47369,2
36374,2
44437,2
466,2
45382,2
23050,2
46017,2
26165,2
19644,2
54544,2
2121,2
36682,2
4133,2
58002,2
28937,2
34127,2
60055,2
35612,2
54204,2
13293,2
5025,2
6406,2
15883,2
12363,2
49962,2
12041,2
17961,2
28107,2
31521,2
28836,2
5711,2
57363,2
27418,2
2840,2
13114,2
3072,2
22882,2
19970,2
45712,2
48613,2
55904,2
59240,2
14080,2
19925,2
20091,2
21697,2
45481,2
51922,2
13580,2
36363,2
16014,2
18284,2
1893,2
10567,2
4140,2
19909,2
40863,2
47966,2
18561,2
22133,2
53100,2
32700,2
8364,2
45280,2
26345,2
60414,2
30663,2
43631,2
17870,2
5035,2
16010,2
19874,2
47461,2
39677,2
59154,2
109,2
32738,2
27209,2
57457,2
3350,2
9289,2
13403,2
29749,2
36886,2
46968,2
55641,2
59229,2
32057,2
53111,2
50653,2
22726,2
29659,2
39746,2
36452,2
46590,2
24813,2
44571,2
55558,2
44948,2
61832,2
16614,2
43687,2
28925,2
41820,2
1261,2
43451,2
52563,2
6355,2
25460,2
43082,2
9033,2
14268,2
10621,2
320,2
20955,2
33989,2
45189,2
20647,2
893,2
54429,2
435,2
54275,2
34141,2
14632,2
45252,2
1813,2
50143,2
713,2
54113,2
57315,2
2764,2
26357,2
54564,2
26388,2
6859,2
18277,2
42953,2
1917,2
54026,2
58120,2
39844,2
46756,2
48338,2
13957,2
58143,2
2558,2
9469,2
38420,2
39421,2
43989,2
52739,2
3138,2
9540,2
29463,2
45836,2
37473,2
48085,2
15572,2
45078,2
22419,2
10143,2
33104,2
50270,2
4510,2
7482,2
43614,2
43555,2
22340,2
2976,2
51143,2
38678,2
16054,2
8802,2
42126,2
14728,2
7620,2
24086,2
34163,2
28813,2
28385,2
56986,2
7465,2
23540,2
52132,2
55897,2
60692,2
33275,2
18807,2
45167,2
51899,2
21237,2
31216,2
34932,2
46200,2
57337,2
20934,2
35577,2
24543,2
18991,2
58680,2
46236,2
24817,2
37065,2
55216,2
59148,2
52543,2
24736,2
45336,2
34009,2
24910,2
9223,2
17535,2
49042,2
18438,2
11027,2
26110,2
57764,2
23456,2
6935,2
14201,2
8679,2
21842,2
30980,2
34482,2
11642,2
55351,2
18159,2
19495,2
4072,2
36365,2
45355,2
57854,2
13607,2
1296,2
28046,2
32769,2
33364,2
38690,2
42754,2
48011,2
41641,2
37935,2
40897,2
1958,2
24028,2
45737,2
23058,2
11730,2
19929,2
54652,2
50568,2
59478,2
10583,2
53666,2
61393,2
33078,2
233,2
23876,2
34362,2
29430,2
50254,2
46106,2
62302,2
36395,2
18513,2
29107,2
4757,2
46359,2
59001,2
39001,2
34183,2
56398,2
36486,2
49302,2
38267,2
50891,2
25266,2
39332,2
9117,2
4287,2
47186,2
24962,2
35843,2
40096,2
15467,2
30719,2
34657,2
18864,2
39901,2
18396,2
32233,2
36446,2
28741,2
41228,2
2209,2
14033,2
13216,2
39246,2
22153,2
12547,2
31032,2
27829,2
6650,2
20659,2
1343,2
58177,2
3996,2
55838,2
5324,2
17145,2
31015,2
28988,2
46737,2
19187,2
25476,2
57398,2
61226,2
15742,2
23012,2
50133,2
18555,2
6958,2
43070,2
40896,2
58361,2
62359,2
52105,2
25665,2
26172,2
28704,2
43784,2
62618,2
41595,2
46725,2
45080,2
38989,2
33239,2
10827,2
18554,2
55822,2
46396,2
13386,2
30720,2
12365,2
12765,2
34872,2
32182,2
22678,2
52958,2
16055,2
3719,2
3536,2
13328,2
39947,2
40697,2
2223,2
4113,2
41207,2
42635,2
28797,2
33236,2
39352,2
14270,2
18230,2
20662,2
30675,2
35575,2
36276,2
61940,2
17204,2
18358,2
9006,2
16107,2
21002,2
29655,2
57498,2
28004,2
17238,2
35802,2
60663,2
5363,2
231,2
35124,2
20728,2
30450,2
30652,2
33119,2
19455,2
52505,2
26209,2
2566,2
4418,2
25111,2
32536,2
47454,2
45550,2
37635,2
21110,2
14393,2
54146,2
18575,2
62122,2
43590,2
47453,2
21173,2
27148,2
1012,2
14664,2
27221,2
47320,2
25351,2
11512,2
60911,2
50390,2
45463,2
45545,2
37875,2
49837,2
797,2
17341,2
11491,2
43596,2
48081,2
61701,2
62041,2
62159,2
25112,2
54271,2
49175,2
61420,2
36138,2
18346,2
3645,2
54559,2
27944,2
9599,2
3973,2
9150,2
29379,2
40937,2
12639,2
25179,2
52532,2
45407,2
48013,2
26911,2
22536,2
34952,2
3532,2
10161,2
39687,2
7147,2
16454,2
45815,2
22665,2
14816,2
38962,2
17781,2
18187,2
56793,2
1864,2
58332,2
33044,2
33102,2
9646,2
22712,2
34126,2
53026,2
46964,2
2109,2
28003,2
3214,2
23231,2
28229,2
2910,2
62802,2
52848,2
56528,2
16261,2
50442,2
22320,2
30,2
17622,2
45107,2
4456,2
9471,2
48431,2
25754,2
4040,2
38247,2
51063,2
4956,2
40082,2
4793,2
17125,2
21959,2
26853,2
35039,2
44000,2
44136,2
44676,2
44787,2
50191,2
53088,2
53620,2
61916,2
45472,2
21329,2
48272,2
60283,2
54127,2
34235,2
22517,2
52323,2
6239,2
19904,2
39988,2
52971,2
44577,2
6806,2
11972,2
15171,2
41007,2
5209,2
10619,2
11733,2
440,2
6297,2
35202,2
81,2
22911,2
488,2
58724,2
37956,2
283,2
16405,2
44332,2
18786,2
25362,2
38114,2
7715,2
14401,2
16738,2
32278,2
41406,2
43843,2
49878,2
50377,2
57719,2
7967,2
34978,2
53055,2
61365,2
40276,2
42883,2
45196,2
35846,2
304,2
11329,2
16524,2
27354,2
27516,2
33827,2
34047,2
34404,2
37642,2
37674,2
38405,2
40044,2
41327,2
42382,2
43874,2
51605,2
59407,2
59419,2
32048,2
11891,2
18415,2
23704,2
28335,2
42761,2
30821,2
44297,2
40878,2
62288,2
51669,2
61417,2
17792,2
27366,2
59812,2
40588,2
29689,2
60275,2
423,2
35415,2
59721,2
60181,2
25416,2
62025,2
23262,2
31265,2
9075,2
16249,2
25319,2
42502,2
5375,2
60721,2
41512,2
49905,2
62290,2
61464,2
47319,2
923,2
13174,2
28506,2
10471,2
28458,2
13377,2
38806,2
49895,2
37930,2
10512,2
16086,2
41181,2
43428,2
58493,2
59750,2
7734,2
17128,2
36122,2
44092,2
62006,2
24901,2
28738,2
58169,2
45346,2
53196,2
42777,2
8495,2
54542,2
52722,2
39353,2
12134,2
10556,2
14619,2
22142,2
57223,2
59645,2
50509,2
24174,2
13153,2
24353,2
9785,2
54742,2
20870,2
15465,2
19120,2
59370,2
46286,2
49074,2
54635,2
6670,2
33839,2
52310,2
36435,2
28919,2
19991,2
56576,2
3689,2
53382,2
51402,2
53560,2
9795,2
22250,2
712,2
38511,2
36733,2
39484,2
20894,2
57611,2
61103,2
42648,2
45076,2
18443,2
15398,2
25605,2
44065,2
53493,2
28665,2
16940,2
33725,2
55949,2
37640,2
48509,2
57407,2
22968,2
45187,2
12258,2
56741,2
7341,2
9606,2
29513,2
57022,2
41289,2
31380,2
42446,2
15108,2
21885,2
36761,2
14440,2
39305,2
20644,2
22651,2
7455,2
31567,2
15533,2
50350,2
60558,2
4943,2
29637,2
40543,2
59164,2
19794,2
37605,2
13664,2
14772,2
37957,2
8006,2
39467,2
4038,2
55398,2
27490,2
15494,2
55491,2
33086,2
11695,2
31084,2
17183,2
52403,2
17528,2
35953,2
27424,2
60931,2
51169,2
2902,2
35355,2
32370,2
53086,2
16515,2
61028,2
40883,2
20793,2
25448,2
1960,2
41305,2
15461,2
58435,2
23735,2
33391,2
45244,2
42005,2
3190,2
7365,2
8046,2
1031,2
20019,2
42023,2
27492,2
38387,2
47745,2
47039,2
62374,2
43274,2
10861,2
60430,2
41701,2
1722,2
19,2
18858,2
41753,2
57638,2
1810,2
27645,2
49891,2
4134,2
46975,2
10722,2
48317,2
43078,2
3895,2
47608,2
51982,2
5304,2
39922,2
18649,2
35045,2
37763,2
28771,2
32818,2
42232,2
51738,2
15735,2
47770,2
54401,2
33151,2
30960,2
9344,2
11555,2
12644,2
36434,2
46501,2
13753,2
39611,2
42185,2
45402,2
50128,2
51702,2
54223,2
43318,2
57452,2
59247,2
35033,2
11581,2
878,2
43347,2
9123,2
45012,2
54048,3
34611,3
42536,3
36981,3
43891,3
29003,3
14449,3
19594,3
37319,3
53129,3
27374,3
4097,3
55800,3
35608,3
25083,3
46677,3
6419,3
20907,3
36311,3
58130,3
53168,3
6250,3
54256,3
7453,3
17185,3
25691,3
27219,3
27290,3
35040,3
52558,3
53126,3
61514,3
45454,3
54974,3
42046,3
56671,3
46979,3
50645,3
4392,3
17585,3
60304,3
492,3
14336,3
54546,3
58553,3
42282,3
47246,3
5408,3
9357,3
42580,3
23255,3
2541,3
11116,3
16683,3
20893,3
25419,3
41649,3
45439,3
50067,3
56753,3
49496,3
17198,3
44150,3
5053,3
28954,3
52830,3
51392,3
38865,3
29630,3
22284,3
17744,3
26083,3
49306,3
54141,3
11019,3
2344,3
39096,3
54550,3
6164,3
1300,3
132,3
57240,3
1811,3
43346,3
17268,3
43753,3
27455,3
41797,3
45680,3
10226,3
6855,3
33684,3
61493,3
19356,3
26008,3
27606,3
30379,3
39624,3
50056,3
52555,3
58575,3
20309,3
25636,3
12972,3
10418,3
29029,3
49954,3
4267,3
30146,3
28394,3
36868,3
30414,3
52481,3
60168,3
35375,3
10944,3
10251,3
46772,3
6734,3
34279,3
49010,3
21536,3
62588,3
58153,3
19869,3
62429,3
20891,3
19266,3
12008,3
56896,3
611,3
33968,3
10599,3
27339,3
35038,3
44122,3
44141,3
44690,3
53087,3
58215,3
136,3
59868,3
30005,3
32282,3
293,3
45825,3
36765,3
29131,3
7613,3
42457,3
12404,3
21767,3
44461,3
6601,3
54245,3
35341,3
24306,3
45425,3
19431,3
2509,3
7845,3
18180,3
38955,3
40137,3
59447,3
25009,3
2522,3
27974,3
50425,3
1889,3
3763,3
26140,3
33462,3
12950,3
47112,3
57608,3
52871,3
46636,3
19008,3
23758,3
24802,3
37046,3
57021,3
37448,3
8029,3
53110,3
62083,3
14904,3
2723,3
9618,3
37311,3
7139,3
45826,3
51225,3
4637,3
43723,3
1416,3
61308,3
28845,3
47312,3
9941,3
35011,3
26968,3
9436,3
40975,3
52932,3
55093,3
62078,3
36370,3
17342,3
11987,3
60798,3
60559,3
3809,3
1045,3
42882,3
468,3
2813,3
7334,3
3363,3
57856,3
52206,3
49603,3
389,3
13914,3
31759,3
9021,3
41606,3
41457,3
42352,3
5710,3
6420,3
10462,3
32876,3
36312,3
43372,3
11982,3
15243,3
21010,3
24129,3
30440,3
32351,3
34783,3
37548,3
62511,3
45288,3
16869,3
16172,3
50850,3
62756,3
88,3
4214,3
22457,3
41878,3
37800,3
36651,3
42152,3
20673,3
17843,3
60016,3
40773,3
9179,3
27602,3
45072,3
45901,3
29419,3
60156,3
52344,3
5289,3
48553,3
60129,3
37506,3
1969,3
4349,3
6528,3
9263,3
27397,3
29310,3
40988,3
48077,3
49046,3
54592,3
38100,3
9002,3
9100,3
19030,3
25644,3
24766,3
11393,3
54457,3
41150,3
45007,3
314,3
22000,3
27526,3
31743,3
18352,3
30661,3
24976,3
40326,3
23741,3
51438,3
43007,3
26945,3
13933,3
41217,3
2935,3
36088,3
55886,3
13806,3
43464,3
436,3
33942,3
9328,3
12503,3
2350,3
7836,3
9307,3
11184,3
11790,3
19920,3
24415,3
25860,3
28681,3
31836,3
31952,3
33153,3
37329,3
40378,3
45366,3
48607,3
51579,3
60797,3
61967,3
61990,3
59488,3
25011,3
42028,3
6105,3
19450,3
31502,3
3889,3
19946,3
4173,3
2814,3
4875,3
54885,3
2845,3
53122,3
4147,3
7737,3
14476,3
40125,3
48830,3
50343,3
61585,3
61666,3
61777,3
2351,3
33714,3
45908,3
9418,3
35218,3
51292,3
28966,3
11890,3
30931,3
44095,3
9094,3
23882,3
26319,3
48582,3
52089,3
54323,3
54666,3
55429,3
17392,3
6825,3
27115,3
42880,3
12663,3
19768,3
52199,3
60984,3
20062,3
49176,3
38849,3
33041,3
37296,3
31538,3
41325,3
155,3
15959,3
36299,3
47034,3
46234,3
61804,3
31214,3
52314,3
43308,3
60076,3
61359,3
28414,3
37139,3
43191,3
1386,3
33895,3
9878,3
33967,3
42806,3
58193,3
56917,3
34519,3
11408,3
45370,3
9380,3
29405,3
9391,3
50874,3
12532,3
23974,3
474,3
2964,3
2592,3
48247,3
6492,3
1287,3
36068,3
19551,3
55876,3
26287,3
7618,3
24449,3
24858,3
62386,3
54353,3
52297,3
13098,3
59735,3
3892,3
59211,3
6791,3
31838,3
6784,3
11240,3
15785,3
16250,3
18994,3
33857,3
55695,3
18061,3
19284,3
16677,3
7155,3
35195,3
9206,3
469,3
28266,3
29823,3
27380,3
16060,3
45376,3
26262,3
22078,3
45572,3
43284,3
58996,3
44880,3
38897,3
48202,3
54100,3
6882,3
807,3
17626,3
55776,3
18183,3
3909,3
28656,3
55934,3
42047,3
55333,3
9037,3
7169,3
48132,3
3189,3
43251,3
22964,3
23509,3
28748,3
35989,3
16888,3
50346,3
50443,3
43309,3
61984,3
34518,3
27638,3
60087,3
47573,3
6329,3
2913,3
58314,3
10415,3
8033,3
30274,3
24293,3
61080,3
54757,3
13013,3
154,3
57612,3
56914,3
44288,3
17176,3
10524,3
49526,3
40204,3
27443,3
18424,3
55110,3
18365,3
53634,3
57288,3
57424,3
5026,3
40014,3
12362,3
7720,3
9003,3
34908,3
8362,3
4506,3
16243,3
10953,3
35604,3
31676,3
36338,3
31238,3
39167,3
12538,3
35269,3
42169,3
171,3
38023,3
4146,3
42944,3
43911,3
3040,3
5319,3
45969,3
18263,3
33661,3
6521,3
19127,3
9916,3
19674,3
21654,3
27155,3
2107,3
9459,3
50369,3
4076,3
14618,3
46736,3
17156,3
532,3
21886,3
23434,3
34159,3
55891,3
15439,3
1501,3
45440,3
26754,3
10941,3
11386,3
43099,3
46644,3
47364,3
51144,3
55858,3
15124,3
36305,3
35406,3
11229,3
51866,3
28382,3
46595,3
50124,3
62657,3
49817,3
43936,3
17177,3
44143,3
44144,3
18455,3
19952,3
32462,3
13758,3
35350,3
9502,3
32910,3
55476,3
7233,3
8871,3
60403,3
46927,3
2827,3
44998,3
39390,3
45456,3
10937,3
28187,3
20640,3
44097,3
28934,3
61466,3
42496,3
39793,3
21663,3
40831,3
55998,3
15658,3
25369,3
57946,3
32285,3
47928,3
5531,3
23636,3
30772,3
49172,3
50326,3
50376,3
50487,3
52715,3
30533,3
51740,3
39794,3
39343,3
2601,3
321,3
50810,3
52829,3
53971,3
61203,3
50368,3
14861,3
12192,3
36277,3
36310,3
37887,3
47626,3
40290,3
31019,3
59031,3
19955,3
25652,3
21756,3
105,3
964,3
39533,3
29005,3
17086,3
17849,3
43359,3
53007,3
61069,3
44945,3
18949,3
18216,3
50624,3
34776,3
36572,3
44563,3
54780,3
49707,3
42990,3
61517,3
30705,3
33126,3
16534,3
32083,3
45464,3
46933,3
46580,3
24574,3
40734,3
29947,3
20100,3
53715,3
8002,3
8021,3
8055,3
13020,3
17103,3
25263,3
26198,3
26217,3
32077,3
35018,3
35046,3
37861,3
43977,3
44094,3
53121,3
58779,3
45543,3
51352,3
13335,3
54395,3
5990,3
10679,3
55995,3
51944,3
30420,3
46453,3
25385,3
6873,3
44285,3
362,3
9043,3
13562,3
52521,3
51379,3
41185,3
57030,3
62028,3
18127,3
36084,3
48682,3
11592,3
50863,3
6394,3
23875,3
25696,3
36108,3
47653,3
37845,3
51218,3
5573,3
29195,3
36603,3
37067,3
20008,3
56167,3
56719,3
53583,3
451,3
60850,3
22848,3
30964,3
56943,3
55623,3
28495,3
54486,3
9049,3
29011,3
58960,3
1228,3
25281,3
47382,3
60097,3
9405,3
59440,3
54814,3
18582,3
35790,3
52219,3
7406,3
10864,3
48343,3
54066,3
37480,3
47020,3
49198,3
21413,3
58451,3
31748,3
49825,3
51953,3
21647,3
11095,3
4145,3
7672,3
16865,3
18625,3
24555,3
57813,3
21945,3
28067,3
37388,3
47407,3
4548,3
21235,3
13637,3
454,3
1210,3
57947,3
20426,3
40450,3
50045,3
14551,3
47781,3
13261,3
36654,3
60540,3
3308,3
24207,3
16535,3
4197,3
29698,3
22155,3
9914,3
8980,3
10349,3
31699,3
30134,3
21102,3
43875,3
51843,3
27570,3
50081,3
22258,3
46780,3
28510,3
34314,3
38874,3
7961,3
8551,3
40901,3
512,3
5719,3
45291,3
22463,3
50146,3
57835,3
62032,3
51046,3
39872,3
15730,3
35845,3
9358,3
48614,3
6853,3
3479,3
11336,3
62496,3
30408,3
33939,3
31072,3
29196,3
6198,3
51206,3
40156,3
38608,3
36649,3
4670,3
53363,3
36132,3
16758,3
45781,3
14302,3
9316,3
11921,3
5044,3
6930,3
54606,3
61581,3
59995,3
26854,3
52637,3
15549,3
57839,3
48567,3
38461,3
61621,3
43751,3
47524,3
14397,3
61776,3
12072,3
9291,3
21376,3
50178,3
1111,3
24283,3
3399,3
4538,3
5086,3
14602,3
23497,3
28996,3
51602,3
22773,3
60433,3
39799,3
5896,3
36480,3
53157,3
28568,3
55813,3
18542,3
32015,3
50256,3
22046,3
15795,3
19826,3
33511,3
22578,3
62685,3
49901,3
48578,3
60210,3
6223,3
1373,3
19039,3
20190,3
49719,3
7240,3
42643,3
43147,3
45274,3
60772,3
16564,3
57295,3
19343,3
26215,3
31316,3
31769,3
34238,3
60755,3
22478,3
38412,3
18559,3
37795,3
39784,3
40056,3
55855,3
20052,3
60203,3
20747,3
32216,3
45724,3
29576,3
1010,3
49482,3
51687,3
17479,3
18214,3
19285,3
8868,3
59945,3
21274,3
42383,3
45216,3
5407,3
10439,3
46646,3
528,3
22456,3
58404,3
43,3
25015,3
17854,3
5271,3
35494,3
36436,3
31804,3
9018,3
25378,3
26078,3
38795,3
5087,3
11455,3
14553,3
36578,3
7238,3
54507,3
38452,3
4388,3
52455,3
14090,3
45168,3
61065,3
61360,3
54510,3
18499,3
21798,3
37322,3
1899,3
27461,3
55780,3
11963,3
29700,3
47886,3
28980,3
24001,3
27486,3
29376,3
60392,3
45300,3
50807,3
15649,3
1916,3
36454,3
56581,3
2609,3
209,3
2564,3
4027,3
9893,3
9903,3
18477,3
19589,3
24772,3
24773,3
33592,3
33628,3
33629,3
36039,3
40237,3
41913,3
42725,3
51690,3
51695,3
60708,3
60709,3
27310,3
37836,3
51454,3
13139,3
25853,3
41334,3
47501,3
481,3
19963,3
23554,3
31476,3
42351,3
13638,3
45468,3
56188,3
24811,3
26588,3
48742,3
27232,3
18307,3
30521,3
6398,3
35962,3
2269,3
50036,3
9396,3
45629,3
16589,3
12588,3
29006,3
9845,3
1410,3
11879,3
52225,3
40425,3
32291,3
23367,3
36462,3
49292,3
38147,3
19252,3
28542,3
6868,3
11869,3
61023,3
61995,3
34887,3
7194,3
49969,3
54301,3
561,3
47417,3
37410,3
44730,3
49770,3
9190,3
57875,3
4969,3
56918,3
34432,3
62297,3
7136,3
25375,3
26906,3
6809,3
60872,3
10892,3
18621,3
10877,3
54232,3
1989,3
29998,3
19743,3
44367,3
358,3
59042,3
45519,3
18247,3
28985,3
416,3
2596,3
12107,3
22098,3
49505,3
50159,3
26064,3
45171,3
4585,3
48850,3
28162,3
406,3
56271,3
47002,3
43471,3
38642,3
18331,3
20043,3
27582,3
57061,3
22282,3
51353,3
60082,3
55417,3
21327,3
14378,3
14379,3
23494,3
25004,3
27382,3
46232,3
15829,3
57041,3
10508,3
38873,3
54488,3
4381,3
60214,3
20203,3
27476,3
47883,3
51084,3
14504,3
60538,3
17575,3
39903,3
61479,3
46487,3
36871,3
10918,3
46976,3
53717,3
9360,3
50200,3
17440,3
29004,3
59502,3
10622,3
28989,3
6705,3
26068,3
1156,3
32300,3
39639,3
40723,3
59195,3
59610,3
60469,3
61079,3
42595,3
55692,3
47046,3
62557,3
44087,3
20627,3
50249,3
2591,3
34570,3
11294,3
44618,3
25044,3
43381,3
34436,3
18644,3
50432,3
10302,3
9086,3
30152,3
19516,3
18583,3
20909,3
13925,3
46541,3
33112,3
48369,3
43492,3
49445,3
27509,3
48267,3
1863,3
47272,3
47497,3
10787,3
49570,3
30023,3
12382,3
29273,3
2955,3
60382,3
8665,3
9105,3
46981,3
6193,3
10600,3
32648,3
46787,3
28904,3
23286,3
19987,3
23640,3
54389,3
35546,3
37628,3
62070,3
3551,3
52903,3
7263,3
5125,3
23515,3
36208,3
56796,3
31823,3
10289,3
19740,3
9392,3
51651,3
53503,3
42271,3
22042,3
27273,3
4263,3
33706,3
46931,3
639,3
13577,3
47027,3
46054,3
15312,3
7002,3
16112,3
58736,3
11850,3
38842,3
46326,3
6924,3
13706,3
22904,3
44331,3
4198,3
3878,3
13229,3
39503,3
40868,3
13694,3
22958,3
39759,3
41502,3
49401,3
56850,3
11075,3
29840,3
45701,3
27087,3
35321,3
57112,3
13614,3
17990,3
9361,3
47682,3
49477,3
29008,3
46366,3
50174,3
21093,3
3466,3
61405,3
843,3
1983,3
10561,3
45321,3
668,3
10961,3
39850,3
16721,3
18242,3
25508,3
31126,3
41052,3
48069,3
21836,3
42245,3
41804,3
25043,3
92,3
19761,3
11365,3
33659,3
13547,3
29515,3
40415,3
4649,3
20061,3
38288,3
31043,3
12600,3
5958,3
54273,3
3197,3
34353,3
39556,3
13091,3
38191,3
22355,3
23897,3
24520,3
6245,3
62410,3
21669,3
12364,3
16343,3
3908,3
4275,3
5450,3
10880,3
41669,3
46131,3
9559,3
32712,3
12542,3
42852,3
22119,3
15899,3
57499,3
10810,3
21994,3
18520,3
32999,3
32279,3
44727,3
26203,3
36129,3
44030,3
56012,3
61586,3
61915,3
56027,3
14121,3
26150,3
62222,3
46376,3
29523,3
46707,3
52442,3
36131,3
51804,3
49605,3
10940,3
168,3
2687,3
12441,3
26448,3
45258,3
28293,3
46896,3
3751,3
43896,3
51217,3
32843,3
43282,3
32600,3
50835,3
7212,3
56902,3
53296,3
14235,3
24740,3
20822,3
21118,3
60354,3
55698,3
287,3
12388,3
33519,3
21332,3
55181,3
10928,3
31118,3
40655,3
23801,3
58708,3
43647,3
5637,3
17263,3
9430,3
16066,3
56653,3
5203,3
39348,3
27802,3
45124,3
47173,3
27406,3
4141,3
22044,3
27846,3
25820,3
7616,3
21050,3
19220,3
52651,3
30380,3
45222,3
12266,3
4987,3
11234,3
45242,3
12862,3
37967,3
37490,3
14231,3
35481,3
40376,3
3103,3
30347,3
51398,3
20093,3
45294,3
43955,3
31296,3
42731,3
23610,3
244,3
42851,3
43684,3
7584,3
26094,3
10714,3
4157,3
20057,3
55600,3
16096,3
37172,3
55778,3
43230,3
18573,3
56329,3
59749,3
28826,3
1946,3
42860,3
46664,3
60968,3
34169,3
1026,3
43247,3
18660,3
23912,3
32774,3
28921,3
45389,3
165,3
45157,3
41785,3
1898,3
19795,3
27939,3
32595,3
57990,3
54515,3
56413,3
2877,3
48558,3
6898,3
43860,3
61792,3
59131,3
12560,3
20594,3
30994,3
43215,3
56210,3
58712,3
36372,3
50234,3
21105,3
32555,3
12610,3
39442,3
43969,3
42964,3
23444,3
21258,3
42593,3
21599,3
25105,3
4438,3
15229,3
25045,3
11454,3
3102,3
2437,3
25926,3
27314,3
33143,3
34740,3
41006,3
33658,3
56143,3
6513,3
24014,3
3700,3
37242,3
27866,3
47022,3
48880,3
18457,3
35244,3
28682,3
42472,3
42590,3
55511,3
55927,3
2462,3
30696,3
54570,3
56061,3
35497,3
18618,3
20046,3
50396,3
18610,3
23181,3
3649,3
54628,3
3314,3
11039,3
37779,3
31221,4
27266,4
1592,4
15937,4
2048,4
3731,4
46585,4
456,4
6251,4
28426,4
60312,4
5168,4
50440,4
3621,4
8695,4
36528,4
55923,4
28079,4
54576,4
12876,4
16248,4
60553,4
19965,4
17610,4
42708,4
5136,4
30714,4
40001,4
1584,4
353,4
58007,4
31831,4
15714,4
7644,4
21394,4
39563,4
37052,4
55756,4
60064,4
4677,4
58070,4
51903,4
16211,4
29409,4
24492,4
26022,4
49851,4
24510,4
37955,4
12971,4
28941,4
49324,4
54573,4
38626,4
54326,4
5295,4
7404,4
14663,4
23137,4
59007,4
23541,4
36714,4
12919,4
28950,4
61143,4
52050,4
5292,4
57244,4
20929,4
30259,4
8913,4
62867,4
54456,4
54537,4
21038,4
26627,4
35029,4
52376,4
52404,4
55302,4
2422,4
31900,4
29507,4
49923,4
29149,4
12303,4
22845,4
28151,4
5042,4
31170,4
60588,4
47728,4
18268,4
37890,4
54274,4
62456,4
27439,4
32164,4
10096,4
41911,4
56001,4
8984,4
413,4
50584,4
1744,4
18320,4
37130,4
50415,4
56755,4
57977,4
18614,4
954,4
18689,4
4554,4
22003,4
45369,4
60927,4
9114,4
23242,4
34000,4
59944,4
2072,4
4798,4
32200,4
22732,4
26608,4
32672,4
45151,4
47488,4
1493,4
15566,4
27200,4
36278,4
42973,4
4293,4
45492,4
12855,4
51236,4
55468,4
44105,4
45142,4
19669,4
6676,4
41435,4
38453,4
4788,4
36768,4
43319,4
56865,4
16521,4
26995,4
62881,4
45398,4
29793,4
48849,4
6736,4
24033,4
30219,4
36463,4
32980,4
56689,4
58821,4
18576,4
48660,4
51956,4
20024,4
15528,4
17281,4
60761,4
54540,4
29014,4
34985,4
34986,4
42094,4
830,4
19762,4
56277,4
4571,4
34698,4
266,4
1903,4
39020,4
10952,4
18106,4
43220,4
26769,4
62646,4
9249,4
51142,4
8543,4
43845,4
6842,4
62510,4
4913,4
54737,4
45528,4
2757,4
23316,4
9366,4
37037,4
1867,4
31730,4
15363,4
38364,4
15492,4
58546,4
43991,4
59099,4
12465,4
22503,4
54178,4
18313,4
55948,4
51644,4
24169,4
54534,4
40231,4
10065,4
45391,4
1985,4
1409,4
6263,4
13954,4
8338,4
61088,4
53130,4
18479,4
27643,4
15791,4
7004,4
16549,4
52319,4
12355,4
39992,4
7596,4
41854,4
12220,4
25133,4
55186,4
10071,4
14069,4
34704,4
45967,4
13096,4
31189,4
59991,4
38959,4
44284,4
39075,4
27591,4
55993,4
62887,4
5191,4
9091,4
20317,4
22113,4
18651,4
7284,4
18546,4
19936,4
20393,4
43534,4
19806,4
17536,4
9375,4
35259,4
3212,4
9377,4
2008,4
45050,4
5119,4
2036,4
54109,4
22976,4
37551,4
60213,4
48399,4
37983,4
28942,4
1503,4
9419,4
42479,4
39763,4
54193,4
26540,4
35506,4
27298,4
32914,4
3584,4
18389,4
41812,4
18231,4
39663,4
18229,4
8405,4
38884,4
22923,4
24043,4
52248,4
61607,4
10244,4
18132,4
24276,4
32905,4
34606,4
58343,4
35535,4
29468,4
36043,4
37926,4
52215,4
24923,4
20592,4
43278,4
45413,4
7352,4
20085,4
36503,4
14423,4
56451,4
50719,4
6759,4
59196,4
37141,4
23204,4
28351,4
35282,4
40388,4
27837,4
45172,4
45261,4
27603,4
51933,4
5876,4
22179,4
45421,4
19902,4
9319,4
38126,4
55413,4
45856,4
38776,4
47010,4
27160,4
28971,4
2400,4
8051,4
10292,4
14502,4
47021,4
43269,4
50488,4
37503,4
4973,4
31242,4
40302,4
60401,4
3423,4
8243,4
35007,4
59996,4
39944,4
45181,4
5419,4
7494,4
37948,4
27377,4
31576,4
32463,4
54197,4
59497,4
47671,4
54150,4
27169,4
49511,4
56481,4
37794,4
11425,4
57515,4
13260,4
45245,4
18530,4
32112,4
50984,4
26504,4
52101,4
18746,4
411,4
50865,4
27389,4
45649,4
14338,4
48048,4
9663,4
1931,4
7300,4
21318,4
30178,4
37414,4
36289,4
54880,4
62216,4
12654,4
51061,4
27574,4
14790,4
17190,4
18641,4
5082,4
55587,4
25258,4
45461,4
8052,4
9165,4
52082,4
2445,4
3613,4
27730,4
45499,4
10917,4
45180,4
28302,4
51415,4
32286,4
26498,4
18330,4
50989,4
9421,4
8082,4
33055,4
5074,4
7895,4
26177,4
41576,5
31419,5
32287,5
42305,5
59391,5
9348,5
27557,5
12213,5
54148,5
36431,5
37117,5
27287,5
45539,5
51554,5
30285,5
14263,5
36264,5
55488,5
18448,5
477,5
19877,5
20910,5
28315,5
13530,5
49826,5
25715,5
1518,5
41453,5
52545,5
10325,5
10482,5
33532,5
25685,5
55667,5
24468,5
46985,5
45137,5
24738,5
37333,5
51158,5
56693,5
27078,5
9245,5
47176,5
6880,5
27523,5
55353,5
4563,5
50746,5
1954,5
19683,5
27976,5
60262,5
228,5
28804,5
18199,5
57172,5
60703,5
42586,5
43419,5
8959,5
2518,5
28946,5
54279,5
12756,5
19860,5
28668,5
12141,5
5974,5
59277,5
45368,5
6020,5
55989,5
49334,5
9248,5
14612,5
35994,5
47777,5
17400,5
32003,5
55334,5
39359,5
1957,5
49397,5
10529,5
48565,5
7995,5
12054,5
10494,5
29847,5
40118,5
54229,5
36499,5
4458,5
35869,5
59095,5
499,5
51749,5
39003,5
1950,5
18705,5
21610,5
26421,5
648,5
42729,6
58482,6
1710,6
27070,6
36170,6
39392,6
16431,6
15093,6
5079,6
21412,6
33032,6
6115,6
46449,6
37854,6
59567,6
52441,6
61922,6
54526,6
54467,6
59283,6
50080,6
7579,6
54253,6
12970,6
1877,6
54472,6
7426,6
2096,6
14043,6
14213,6
18851,6
43506,6
355,6
31906,6
9448,6
10798,6
48477,6
56977,6
50599,6
2213,6
37765,6
52412,6
47026,6
11699,6
3305,6
5515,6
10999,7
34341,7
57428,7
60676,7
359,7
1405,7
25238,7
38088,7
45524,7
197,7
7445,7
11163,7
30765,8
10380,8
16372,8
22761,8
34330,9
1761,9
15206,9
16415,9
18375,9
36041,10
45690,10
61027,10
61340,10
